{"cameraMode":{"drawMode":0,"name":"Shaded","section":"Shading Mode"},"sceneLighting":false,"audioPlay":false,"sceneViewState":{"showFog":true,"showMaterialUpdate":false,"showSkybox":true,"showFlares":true,"showImageEffects":true,"showParticleSystems":true},"in2DMode":false,"pivot":{"x":0.23929619789123536,"y":1.0282347202301026,"z":0.47406578063964846},"rotation":{"x":-0.1606411635875702,"y":0.1699284017086029,"z":-0.028087608516216279,"w":-0.9718692302703857},"size":3.2677252292633058,"orthographic":false}