{"cameraMode":{"drawMode":0,"name":"Shaded","section":"Shading Mode"},"sceneLighting":true,"audioPlay":false,"sceneViewState":{"showFog":true,"showMaterialUpdate":false,"showSkybox":true,"showFlares":true,"showImageEffects":true,"showParticleSystems":true},"in2DMode":false,"pivot":{"x":25.0,"y":0.9998125433921814,"z":25.618099212646486},"rotation":{"x":0.3856809735298157,"y":0.01522295642644167,"z":-0.006364607252180576,"w":0.9224846959114075},"size":5.444377899169922,"orthographic":false}