{"cameraMode":{"drawMode":0,"name":"Shaded","section":"Shading Mode"},"sceneLighting":false,"audioPlay":false,"sceneViewState":{"showFog":true,"showMaterialUpdate":false,"showSkybox":true,"showFlares":true,"showImageEffects":true,"showParticleSystems":true},"in2DMode":false,"pivot":{"x":1.044569492340088,"y":9.078083038330079,"z":-0.5471925735473633},"rotation":{"x":0.3750437796115875,"y":-0.03190974146127701,"z":0.012964382767677307,"w":0.9263670444488525},"size":19.46141242980957,"orthographic":false}