{"cameraMode":{"drawMode":0,"name":"Shaded","section":"Shading Mode"},"sceneLighting":false,"audioPlay":false,"sceneViewState":{"showFog":true,"showMaterialUpdate":false,"showSkybox":true,"showFlares":true,"showImageEffects":true,"showParticleSystems":true},"in2DMode":false,"pivot":{"x":0.07955729961395264,"y":0.27515196800231936,"z":-0.16492557525634767},"rotation":{"x":0.3616233766078949,"y":0.0726759061217308,"z":-0.02824314869940281,"w":0.9290581941604614},"size":4.815820693969727,"orthographic":false}