{"cameraMode":{"drawMode":0,"name":"Shaded","section":"Shading Mode"},"sceneLighting":false,"audioPlay":false,"sceneViewState":{"showFog":true,"showMaterialUpdate":false,"showSkybox":true,"showFlares":true,"showImageEffects":true,"showParticleSystems":true},"in2DMode":false,"pivot":{"x":0.0322912335395813,"y":0.799890398979187,"z":-0.011440694332122803},"rotation":{"x":-0.5111198425292969,"y":-0.027129488065838815,"z":0.01609484851360321,"w":-0.8589304685592651},"size":3.6463844776153566,"orthographic":false}