{"cameraMode":{"drawMode":0,"name":"Shaded","section":"Shading Mode"},"sceneLighting":false,"audioPlay":false,"sceneViewState":{"showFog":true,"showMaterialUpdate":false,"showSkybox":true,"showFlares":true,"showImageEffects":true,"showParticleSystems":true},"in2DMode":false,"pivot":{"x":-3.679999828338623,"y":0.8042784929275513,"z":-0.004057765007019043},"rotation":{"x":0.13840487599372865,"y":-0.5270353555679321,"z":0.08747228980064392,"w":0.8339223861694336},"size":3.820497512817383,"orthographic":false}