{"cameraMode":{"drawMode":0,"name":"Shaded","section":"Shading Mode"},"sceneLighting":false,"audioPlay":false,"sceneViewState":{"showFog":true,"showMaterialUpdate":false,"showSkybox":true,"showFlares":true,"showImageEffects":true,"showParticleSystems":true},"in2DMode":false,"pivot":{"x":613.1199951171875,"y":419.70001220703127,"z":575.3800048828125},"rotation":{"x":0.6596099138259888,"y":0.0058716461062431339,"z":-0.005151602439582348,"w":0.751567542552948},"size":4.140181064605713,"orthographic":false}