{"cameraMode":{"drawMode":0,"name":"Shaded","section":"Shading Mode"},"sceneLighting":false,"audioPlay":false,"sceneViewState":{"showFog":true,"showMaterialUpdate":false,"showSkybox":true,"showFlares":true,"showImageEffects":true,"showParticleSystems":true},"in2DMode":false,"pivot":{"x":-2.7625863552093508,"y":0.5449750423431397,"z":-0.5003395080566406},"rotation":{"x":0.21222208440303803,"y":0.574289083480835,"z":-0.1572863906621933,"w":0.7748644351959229},"size":4.524083614349365,"orthographic":false}