{"cameraMode":{"drawMode":0,"name":"Shaded","section":"Shading Mode"},"sceneLighting":false,"audioPlay":false,"sceneViewState":{"showFog":true,"showMaterialUpdate":false,"showSkybox":true,"showFlares":true,"showImageEffects":true,"showParticleSystems":true},"in2DMode":false,"pivot":{"x":1.686253547668457,"y":-0.8360745906829834,"z":0.4280480146408081},"rotation":{"x":0.1624472588300705,"y":0.6493009924888611,"z":-0.14473634958267213,"w":0.7287458777427673},"size":6.667738914489746,"orthographic":false}