{"cameraMode":{"drawMode":0,"name":"Shaded","section":"Shading Mode"},"sceneLighting":false,"audioPlay":false,"sceneViewState":{"showFog":true,"showMaterialUpdate":false,"showSkybox":true,"showFlares":true,"showImageEffects":true,"showParticleSystems":true},"in2DMode":false,"pivot":{"x":3.421628952026367,"y":-6.117680549621582,"z":-0.6339374780654907},"rotation":{"x":0.42994794249534609,"y":0.5481551885604858,"z":-0.3924310505390167,"w":0.6005568504333496},"size":15.738292694091797,"orthographic":false}