{"cameraMode":{"drawMode":0,"name":"Shaded","section":"Shading Mode"},"sceneLighting":false,"audioPlay":false,"sceneViewState":{"showFog":true,"showMaterialUpdate":false,"showSkybox":true,"showFlares":true,"showImageEffects":true,"showParticleSystems":true},"in2DMode":false,"pivot":{"x":0.0002817511558532715,"y":0.5772993564605713,"z":2.384185791015625e-7},"rotation":{"x":0.4739316999912262,"y":0.01480257511138916,"z":-0.00796709954738617,"w":0.8804011344909668},"size":7.143849849700928,"orthographic":false}