{"cameraMode":{"drawMode":0,"name":"Shaded","section":"Shading Mode"},"sceneLighting":false,"audioPlay":false,"sceneViewState":{"showFog":true,"showMaterialUpdate":false,"showSkybox":true,"showFlares":true,"showImageEffects":true,"showParticleSystems":true},"in2DMode":false,"pivot":{"x":2.1429054737091066,"y":6.946887969970703,"z":2.2515506744384767},"rotation":{"x":-0.06893260776996613,"y":-0.8864007592201233,"z":0.43575242161750796,"w":-0.14022064208984376},"size":20.975767135620118,"orthographic":false}