{"cameraMode":{"drawMode":0,"name":"Shaded","section":"Shading Mode"},"sceneLighting":false,"audioPlay":false,"sceneViewState":{"showFog":true,"showMaterialUpdate":false,"showSkybox":true,"showFlares":true,"showImageEffects":true,"showParticleSystems":true},"in2DMode":false,"pivot":{"x":-1.0578598976135255,"y":0.29946231842041018,"z":0.8636528253555298},"rotation":{"x":0.12112520635128021,"y":0.674561083316803,"z":-0.11358959972858429,"w":0.7193007469177246},"size":6.778835296630859,"orthographic":false}