{"cameraMode":{"drawMode":0,"name":"Shaded","section":"Shading Mode"},"sceneLighting":false,"audioPlay":false,"sceneViewState":{"showFog":true,"showMaterialUpdate":false,"showSkybox":true,"showFlares":true,"showImageEffects":true,"showParticleSystems":true},"in2DMode":false,"pivot":{"x":117.1259994506836,"y":4.811999797821045,"z":179.8699951171875},"rotation":{"x":0.22140367329120637,"y":0.6015776991844177,"z":-0.17842163145542146,"w":0.7464920878410339},"size":0.857356607913971,"orthographic":false}