{"cameraMode":{"drawMode":0,"name":"Shaded","section":"Shading Mode"},"sceneLighting":false,"audioPlay":false,"sceneViewState":{"showFog":true,"showMaterialUpdate":false,"showSkybox":true,"showFlares":true,"showImageEffects":true,"showParticleSystems":true},"in2DMode":false,"pivot":{"x":117.1259994506836,"y":4.811999797821045,"z":179.8699951171875},"rotation":{"x":-0.6385509967803955,"y":0.04394986853003502,"z":-0.03656965121626854,"w":-0.7674528360366821},"size":0.857356607913971,"orthographic":false}