{"cameraMode":{"drawMode":0,"name":"Shaded","section":"Shading Mode"},"sceneLighting":false,"audioPlay":false,"sceneViewState":{"showFog":true,"showMaterialUpdate":false,"showSkybox":true,"showFlares":true,"showImageEffects":true,"showParticleSystems":true},"in2DMode":false,"pivot":{"x":0.0,"y":0.3232979476451874,"z":2.384185791015625e-7},"rotation":{"x":0.4739316999912262,"y":0.01480257511138916,"z":-0.00796709954738617,"w":0.8804011344909668},"size":4.524083614349365,"orthographic":false}