{"cameraMode":{"drawMode":0,"name":"Shaded","section":"Shading Mode"},"sceneLighting":false,"audioPlay":false,"sceneViewState":{"showFog":true,"showMaterialUpdate":false,"showSkybox":true,"showFlares":true,"showImageEffects":true,"showParticleSystems":true},"in2DMode":false,"pivot":{"x":117.1259994506836,"y":4.811999797821045,"z":179.8699951171875},"rotation":{"x":0.3441416919231415,"y":0.0045168823562562469,"z":-0.0016546014230698348,"w":0.9389054179191589},"size":0.857356607913971,"orthographic":false}