{"cameraMode":{"drawMode":0,"name":"Shaded","section":"Shading Mode"},"sceneLighting":false,"audioPlay":false,"sceneViewState":{"showFog":true,"showMaterialUpdate":false,"showSkybox":true,"showFlares":true,"showImageEffects":true,"showParticleSystems":true},"in2DMode":false,"pivot":{"x":3.649846076965332,"y":0.8935272097587586,"z":-0.043539077043533328},"rotation":{"x":0.13840487599372865,"y":-0.5270353555679321,"z":0.08747228980064392,"w":0.8339223861694336},"size":4.326311111450195,"orthographic":false}