{"cameraMode":{"drawMode":0,"name":"Shaded","section":"Shading Mode"},"sceneLighting":false,"audioPlay":false,"sceneViewState":{"showFog":true,"showMaterialUpdate":false,"showSkybox":true,"showFlares":true,"showImageEffects":true,"showParticleSystems":true},"in2DMode":false,"pivot":{"x":1.1920928955078126e-7,"y":0.8664481043815613,"z":-0.32435235381126406},"rotation":{"x":0.13840487599372865,"y":-0.5270353555679321,"z":0.08747228980064392,"w":0.8339223861694336},"size":4.394057750701904,"orthographic":false}