{"cameraMode":{"drawMode":0,"name":"Shaded","section":"Shading Mode"},"sceneLighting":false,"audioPlay":false,"sceneViewState":{"showFog":true,"showMaterialUpdate":false,"showSkybox":true,"showFlares":true,"showImageEffects":true,"showParticleSystems":true},"in2DMode":false,"pivot":{"x":0.39994725584983828,"y":0.8010169267654419,"z":0.020001709461212159},"rotation":{"x":0.5106528997421265,"y":0.0694856271147728,"z":-0.04145379737019539,"w":0.8559713959693909},"size":5.557074069976807,"orthographic":false}