{"cameraMode":{"drawMode":0,"name":"Shaded","section":"Shading Mode"},"sceneLighting":false,"audioPlay":false,"sceneViewState":{"showFog":true,"showMaterialUpdate":false,"showSkybox":true,"showFlares":true,"showImageEffects":true,"showParticleSystems":true},"in2DMode":false,"pivot":{"x":0.1538802683353424,"y":-0.05511665344238281,"z":-0.7317595481872559},"rotation":{"x":0.5398015975952148,"y":0.01667514629662037,"z":-0.010694582015275956,"w":0.8415591716766357},"size":11.17404842376709,"orthographic":false}