{"cameraMode":{"drawMode":0,"name":"Shaded","section":"Shading Mode"},"sceneLighting":false,"audioPlay":false,"sceneViewState":{"showFog":true,"showMaterialUpdate":false,"showSkybox":true,"showFlares":true,"showImageEffects":true,"showParticleSystems":true},"in2DMode":false,"pivot":{"x":0.3054617941379547,"y":0.7859516739845276,"z":0.02476733922958374},"rotation":{"x":0.5106528997421265,"y":0.0694856271147728,"z":-0.04145379737019539,"w":0.8559713959693909},"size":4.906276226043701,"orthographic":false}