{"cameraMode":{"drawMode":0,"name":"Shaded","section":"Shading Mode"},"sceneLighting":false,"audioPlay":false,"sceneViewState":{"showFog":true,"showMaterialUpdate":false,"showSkybox":true,"showFlares":true,"showImageEffects":true,"showParticleSystems":true},"in2DMode":false,"pivot":{"x":-1.8799998760223389,"y":0.7986066937446594,"z":-0.004794716835021973},"rotation":{"x":0.13840487599372865,"y":-0.5270353555679321,"z":0.08747228980064392,"w":0.8339223861694336},"size":3.8332388401031496,"orthographic":false}